Player,Position
Luka Dončić,PG
Tyrese Maxey,PG
Shai Gilgeous-Alexander,PG
Giannis Antetokounmpo,PF
Lauri Markkanen,PF
Austin Reaves,SG
Devin Booker,PG
Bennedict Mathurin,SF
Donovan Mitchell,SG
Jalen Brunson,PG
Zach LaVine,SG
Zach Edey,C
Jaylen Brown,SF
Stephen Curry,PG
Victor Wembanyama,C
Kevin Durant,SF
Julius Randle,PF
Pascal Siakam,PF
Anthony Edwards,SG
Cam Thomas,SG
Kawhi Leonard,SF
Jamal Murray,PG
Deni Avdija,PG
Cade Cunningham,PG
LaMelo Ball,PG
James Harden,PG
Norman Powell,SG
Paolo Banchero,PF
Keyonte George,PG
Josh Giddey,PG
Alperen Şengün,C
Zion Williamson,PF
Nikola Jokić,C
Bam Adebayo,C
Franz Wagner,SF
Miles Bridges,PF
Brandon Ingram,SF
Scottie Barnes,PF
RJ Barrett,SF
Anthony Davis,PF
Michael Porter Jr.,SF
Chet Holmgren,PF
Jalen Johnson,SF
DeMar DeRozan,PF
Ja Morant,PG
Karl-Anthony Towns,C
Jerami Grant,PF
Stephon Castle,PG
Aaron Gordon,PF
Dillon Brooks,SF
Evan Mobley,PF
Kelly Oubre Jr.,PF
Nikola Vučević,C
VJ Edgecombe,SG
Jimmy Butler,SF
Jaden McDaniels,PF
De'Andre Hunter,SF
Isaiah Joe,SG
Shaedon Sharpe,SG
Jaren Jackson Jr.,C
Kyshawn George,SF
Joel Embiid,C
Trae Young,PG
Kristaps Porziņģis,C
Nickeil Alexander-Walker,SG
Jalen Duren,C
Sam Merrill,SG
Jordan Poole,PG
Alex Sarr,C
OG Anunoby,PF
Quentin Grimes,SG
Amen Thompson,SF
Deandre Ayton,C
Rui Hachimura,PF
Jaime Jaquez Jr.,SF
Jrue Holiday,PG
Grayson Allen,SG
Mikal Bridges,SF
Jonathan Kuminga,PF
Ryan Rollins,PG
Andrew Wiggins,SF
Ayo Dosunmu,SG
Ajay Mitchell,SG
Collin Sexton,SG
P.J. Washington,PF
Malik Monk,SG
Trey Murphy III,SF
Cedric Coward,SG
Donte DiVincenzo,SG
Payton Pritchard,PG
Jabari Smith Jr.,PF
Matas Buzelis,PF
Dennis Schröder,PG
Kon Knueppel,SF
Aaron Nesmith,SF
Devin Vassell,SG
Brandon Miller,SF
Domantas Sabonis,C
Walker Kessler,C
Derrick White,SG
Nic Claxton,C
Jarrett Allen,C
Dylan Harper,SG
Obi Toppin,PF
Desmond Bane,SG
Onyeka Okongwu,C
Anfernee Simons,SG
Russell Westbrook,PG
Bilal Coulibaly,SG
Cooper Flagg,PG
D'Angelo Russell,PG
Tobias Harris,PF
Jeremiah Fears,PG
Ausar Thompson,SF
Aaron Wiggins,SG
Ivica Zubac,C
Keldon Johnson,SF
Immanuel Quickley,PG
Kevin Huerter,SF
De'Aaron Fox, PG
Kyle Kuzma,PF
CJ McCollum,SG
Christian Braun,SG
Max Christie,SG
Simone Fontecchio,SF
Naz Reid,C
John Collins,PF
Jake LaRavia,PF
Gary Trent Jr.,SG
Brandin Podziemski,SG
A.J. Green,SG
Tre Johnson,SG
Royce O'Neale,SF
Jarace Walker,PF
Mark Williams,C
Toumani Camara,PF
Tristan Da Silva,SF
Quenton Jackson,PG
Tari Eason,PF
Isaiah Stewart,C
Anthony Black,PG
Tre Jones,PG
Ziaire Williams,SF
Derrick Jones Jr.,SF
Terance Mann,SG
Wendell Carter Jr.,C
Collin Gillespie,PG
Khris Middleton,SF
Zaccharie Risacher,SF
Duncan Robinson,SF
Nick Smith Jr.,SG
Cole Anthony,PG
Santi Aldama,PF
Jock Landale,C
Tolu Smith,PF
Jaylon Tyson,SG
Isaiah Hartenstein,C
Ron Holland,SF
Daniel Gafford,C
Moses Moody,SG
Jalen Suggs,PG
Moussa Diabaté,C
Rudy Gobert,C
Tim Hardaway Jr.,SG
Dyson Daniels,SG
Ryan Dunn,SF
Tre Mann,PG
Kevin Porter Jr.,PG
Harrison Barnes,PF
Myles Turner,C
Kel'el Ware,C
Saddiq Bey,SF
Sam Hauser,PF
Herbert Jones,SF
Kentavious Caldwell-Pope,SG
Reed Sheppard,PG
Cason Wallace,SG
Jaylen Wells,SG
Collin Murray-Boyles,PF
Marcus Smart,SG
Jordan Clarkson,SG
Ryan Kalkbrenner,C
Jalen Smith,C
Davion Mitchell,PG
Sion James,SG
Miles McBride,SG
Bobby Portis,PF
Brice Sensabaugh,SF
Nikola Jović,PF
Josh Okogie,SG
Jonas Valančiūnas,C
Patrick Williams,PF
Cameron Johnson,SF
Luke Kennard,SG
Sandro Mamukelashvili,C
Donovan Clingan,C
Neemias Queta,C
Cam Whitmore,SF
Vince Williams Jr.,SG
RayJ Dennis,PG
Keon Ellis,SG
Klay Thompson,SF
Bradley Beal,SG
Gradey Dick,SG
Draymond Green,PF
Corey Kispert,SF
Luke Kornet,C
Derik Queen,C
Isaiah Jackson,C
Pelle Larsson,SG
Cam Spencer,SG
Yves Missi,C
Jusuf Nurkić,C
Dominick Barlow,PF
Julian Champagnie,SF
Buddy Hield,SG
KJ Simpson,PG
Josh Minott,PF
Isaac Okoro,SG
Landry Shamet,SG
Luguentz Dort,SF
Kris Dunn,PG
Naji Marshall,SF
Marvin Bagley III,PF
Kyle Filipowski,C
Dalton Knecht,SF
Vit Krejci,PG
Brook Lopez,C
Tyrese Martin,SG
Svi Mykhailiuk,SF
Jamal Shead,PG
Goga Bitadze,C
Jakob Poeltl,C
Brandon Williams,PG
Jalen Wilson,PF
Bruce Brown,SG
Dean Wade,PF
Mike Conley,PG
Ben Sheppard,SG
Steven Adams,C
Kyle Anderson,SF
Mouhamed Gueye,PF
Jalen Williams, PF
Trendon Watford,PF
Alex Caruso,SG
Day'Ron Sharpe,C
Walter Clayton,PG
Mac McClung,SG
Kris Murray,SF
Egor Demin,PG
Josh Hart,SF
Taurean Prince,SF
Jamison Battle,SF
Bub Carrington,PG
Peyton Watson,SF
Blake Wesley,SG
Noah Clowney,PF
Craig Porter Jr.,PG
Lonzo Ball,PG
Will Richard,SG
Luka Garza,C
Olivier-Maxence Prosper,PF
Jose Alvarado,PG
Jaxson Hayes,C
Al Horford,C
Dru Smith,SG
Jaylin Williams,PF
Caris LeVert,SG
Dereck Lively II,C
Quinten Post,PF
Javon Small,PG
Tony Bradley,C
Taylor Hendricks,PF
Malaki Branham,SG
Jaylen Clark,SG
Jordan Goodwin,PG
Javonte Green,SG
Matisse Thybulle,SG
Robert Williams,C
Oso Ighodaro,PF
Jarred Vanderbilt,PF
Andre Drummond,C
Jaden Hardy,SG
Ace Bailey,SF
Rob Dillingham,PG
Jeff Green,PF
DeAndre Jordan,C
Nick Richards,C
Bones Hyland,PG
Bogdan Bogdanović,SG
Clint Capela,C
Aaron Holiday,PG
Asa Newell,PF
Dwight Powell,C
Drew Eubanks,C
Larry Nance Jr.,PF
Koby Brea,SG
Johni Broome,PF
JD Davison,PG
Eric Gordon,SG
Kevin Love,PF
Andrew Nembhard,PG
Paul Reed,C
Mark Sears,PG
James Wiseman,C
Terrence Shannon Jr.,SG
Trayce Jackson-Davis,C
Yanic Konan Niederhauser,C
Karlo Matković,PF
John Konchar,SG
Gabe Vincent,PG
Keaton Wallace,PG
Jay Huff,C
Cam Christie,SG
Justin Edwards,SF
Daniss Jenkins,PG
Keshad Johnson,SF
Ben Saraf,SG
Noah Penda,SF
Jabari Walker,SF
Nique Clifford,SG
Pat Connaughton,SG
Hugo González,SF
Caleb Love,SG
Ryan Nembhard,PG
Jalen Pickett,SG
Julian Strawther,SG
Jordan Hawkins,SG
Jordan McLaughlin,PG
Ja'Kobe Walter,SG
Tidjane Salaün,PF
Ochai Agbaji,SG
Charles Bassey,C
Carter Bryant,PF
Branden Carlson,C
Myron Gardner,SF
Elijah Harkless,SG
David Jones García,SF
Tyler Kolek,PG
E.J. Liddell,PF
Kyle Lowry,PG
Riley Minix,SF
Tyrese Proctor,PG
Duop Reath,C
Cody Williams,SG
Baylor Scheierman,SG
Xavier Tillman Sr.,C
Khaman Maluach,C
Liam McNeeley,SF
Pat Spencer,PG
Johnny Furphy,SG
Micah Peavy,SG
Nicolas Batum,PF
Chris Boucher,PF
Sidy Cissoko,SF
GG Jackson II,PF
Tyus Jones,PG
Tristan Vukcevic,C
Jordan Walsh,PF
Adem Bona,C
PJ Hall,C
Chris Paul,PG
Gary Payton II,SG
Will Riley,SF
Nolan Traoré,PG
Chaz Lanier,SG
Nigel Hayes-Davis,SF
Thomas Bryant,C
Hunter Dickinson,C
Jonathan Isaac,PF
Colby Jones,SG
Bobi Klintman,SF
Isaiah Livers,PF
Caleb Martin,SF
Zeke Nnaji,PF
Drake Powell,SG
Mitchell Robinson,C
Gui Santos,PF
Chris Youngblood,SG
Amir Coffey,SG
Yang Hansen,C
Taelon Peter,SG
Dylan Cardwell,C
Justin Champagnie,SF
Harrison Ingram,SF
Dario Šarić,C
Anthony Gill,PF
DaRon Holmes,PF
Jett Howard,SF
Kevon Looney,C
Julian Phillips,SF
Guerschon Yabusele,C
Bronny James,SG
Brooks Barnhizer,SG
Moussa Cisse,C
Rasheer Fleming,PF
Johnny Juzang,SG
Bryce McGowens,SG
Leonard Miller,SF
Rayan Rupert,SG
Jae'Sean Tate,SF
Dalen Terry,SG
Kobe Brown,PF
Devin Carter,PG
N'Faly Dante,C
Ousmane Dieng,C
Ron Harper Jr.,SF
Isaac Jones,PF
Jonathan Mogbo,PF
Jeremiah Robinson-Earl,PF
Hunter Sallis,SG
Kobe Sanders,SG
Jericho Sims,C
Jacob Toppin,SF
Amari Williams,PF
Jahmir Young,PG
Gary Harris,SG
Mason Plumlee,C
Luke Travers,SG
Joan Beringer,PF
Ariel Hukporti,C
Spencer Jones,SF
Jase Richardson,SG
Bismack Biyombo,C
AJ Johnson,SG
Thanasis Antetokounmpo,SF
Jevon Carter,PG
Sharife Cooper,PG
Pacome Dadiet,SG
Mohamed Diawara,SF
Tyson Etienne,PG
Caleb Houstan,SF
Joe Ingles,SF
Andre Jackson Jr.,SG
Trey Jemison,C
Miles Kelly,PG
Christian Koloko,C
Chris Mañon,SG
Jared McCain,SG
Maxime Raynaud,C
Orlando Robinson,C
Jahmyl Telfort,PF
Hunter Tyson,PF
Jamir Watkins,SG
Danny Wolf,PF
LeBron James,PF